<?xml version="1.0" encoding="UTF-8"?>
<solution instance="CMT01">
	<route id="1">
		<node id="51"/>
		<node id="46"/>
		<node id="5"/>
		<node id="49"/>
		<node id="10"/>
		<node id="39"/>
		<node id="33"/>
		<node id="45"/>
		<node id="15"/>
        <node id="44"/>
		<node id="37"/>
		<node id="12"/>
		<node id="51"/>
	</route>
	<route id="2">
		<node id="51"/>
		<node id="11"/>
		<node id="2"/>
		<node id="29"/>
		<node id="21"/>
		<node id="16"/>
		<node id="50"/>
		<node id="34"/>
		<node id="30"/>
        <node id="9"/>
		<node id="38"/>
		<node id="51"/>
	</route>
	<route id="3">
		<node id="51"/>
		<node id="8"/>
		<node id="26"/>
		<node id="31"/>
		<node id="28"/>
		<node id="3"/>
		<node id="36"/>
		<node id="35"/>
		<node id="20"/>
        <node id="22"/>
		<node id="1"/>
		<node id="32"/>
		<node id="51"/>
	</route>
	<route id="4">
		<node id="51"/>
		<node id="27"/>
		<node id="48"/>
		<node id="23"/>
		<node id="7"/>
		<node id="43"/>
		<node id="24"/>
		<node id="25"/>
		<node id="14"/>
        <node id="6"/>
		<node id="51"/>
	</route>
	<route id="5">
		<node id="51"/>
		<node id="18"/>
		<node id="13"/>
		<node id="41"/>
		<node id="40"/>
		<node id="19"/>
		<node id="42"/>
		<node id="17"/>
		<node id="4"/>
        <node id="47"/>
		<node id="51"/>
	</route>
</solution>